county&state,Population,Median Age,Household Income,Per Capita Income,Poverty Count,Unemployment Count,Race: White,Race: African American,Race: Hispanic or Latino,"US Citizen, born in US","US Citizen, by naturalization",state,county
"Baldwin County, Alabama",223234,43.0,56439,32443,22140,5549,190912,18338,10534,210514,4495,01,003
"Calhoun County, Alabama",113605,39.6,48156,24579,19082,3754,82323,25226,4614,110818,647,01,015
"Cullman County, Alabama",83768,41.9,50906,23968,8737,1783,,,3752,80607,800,01,043
"DeKalb County, Alabama",71513,37.7,44208,21939,13855,1606,59305,688,10775,,,01,049
"Elmore County, Alabama",81209,39.0,61854,31396,8898,1014,61634,17768,2563,78398,446,01,051
"Etowah County, Alabama",102268,41.5,41447,25065,19815,2928,79988,16040,4230,98053,2081,01,055
"Houston County, Alabama",105882,40.4,50103,27762,21427,2886,71582,29736,3632,101397,1945,01,069
"Jefferson County, Alabama",658573,38.3,53944,32561,105080,15543,341788,285001,26873,630497,10376,01,073
"Lauderdale County, Alabama",92729,40.4,46632,26872,14917,1802,79178,10533,2652,,,01,077
"Lee County, Alabama",164542,33.3,53712,31454,24998,3102,116738,37396,6092,152248,3953,01,081
"Limestone County, Alabama",98915,40.3,63695,28327,13317,1896,77744,13999,6149,94577,2178,01,083
"Madison County, Alabama",372909,38.1,67930,37221,42990,6857,250321,92197,19351,344507,11370,01,089
"Marshall County, Alabama",96774,39.4,49467,24572,15408,950,90252,3820,14272,87836,2557,01,095
"Mobile County, Alabama",413210,38.4,49639,25716,70724,10122,240449,150159,12443,399607,5781,01,097
"Montgomery County, Alabama",226486,36.9,53117,29319,31789,6250,78586,132115,8344,214376,3577,01,101
"Morgan County, Alabama",119679,42.3,54338,29402,16471,3239,,,10465,112796,2370,01,103
"St. Clair County, Alabama",89512,40.0,67487,28993,8496,2123,,,619,,,01,115
"Shelby County, Alabama",217702,39.5,75614,40523,12095,3810,173941,27252,12635,202730,6068,01,117
"Talladega County, Alabama",79978,41.7,50147,24593,12881,3280,50787,26486,1913,,,01,121
"Tuscaloosa County, Alabama",209355,33.7,52243,27665,32562,4767,134432,68660,8308,201285,2265,01,125
"Walker County, Alabama",63521,43.5,46283,24591,10952,1587,,,1681,,,01,127
"Anchorage Municipality, Alaska",288000,34.2,82716,41422,28365,8200,180389,15207,26992,247370,20373,02,020
"Fairbanks North Star Borough, Alaska",96849,32.8,72065,39252,5428,1607,73145,3962,7939,89207,3184,02,090
"Matanuska-Susitna Borough, Alaska",108317,36.1,74709,31984,10424,3167,88690,1699,5613,101904,2866,02,170
"Apache County, Arizona",71887,36.6,30480,16199,24480,1517,15109,721,4736,70458,524,04,001
"Cochise County, Arizona",125922,42.2,48484,28373,19485,2263,108177,6163,44988,110445,6712,04,003
"Coconino County, Arizona",143476,31.1,58085,29379,20421,6352,91649,1364,20542,137465,2419,04,005
"Maricopa County, Arizona",4485414,36.9,68649,34744,535780,101130,3547155,266128,1408855,3752477,291947,04,013
"Mohave County, Arizona",212181,52.7,50179,27575,32623,4109,188756,1496,35919,197656,7508,04,015
"Navajo County, Arizona",110924,39.4,38897,19284,27810,3826,51262,1309,12742,108019,1019,04,017
"Pima County, Arizona",1047279,38.9,56169,31004,140703,27056,795391,38343,395446,887805,65742,04,019
"Pinal County, Arizona",462789,39.9,62057,27582,51780,9856,366928,21264,142276,418266,17580,04,021
"Yavapai County, Arizona",235099,54.7,53816,32187,27568,4270,209030,2020,34642,215657,8414,04,025
"Yuma County, Arizona",213787,35.1,46419,21766,44400,12900,189117,3244,138130,155453,26226,04,027
"Benton County, Arkansas",279141,35.7,69130,35914,25073,2910,243511,4371,47630,241748,12908,05,007
"Craighead County, Arkansas",110332,35.2,45610,26955,18846,3240,86310,18031,5793,104627,2433,05,031
"Faulkner County, Arkansas",126007,33.3,57642,28779,19701,1397,104065,15337,5276,121817,2342,05,045
"Garland County, Arkansas",99386,45.1,45265,27105,17020,1675,86188,8275,5900,94779,1481,05,051
"Jefferson County, Arkansas",66824,39.6,39326,21257,14912,1786,,,1130,,,05,069
"Lonoke County, Arkansas",73309,37.4,62532,27710,8056,944,,,3350,69805,772,05,085
"Pulaski County, Arkansas",391911,38.0,52043,32430,55243,6879,216942,147026,24494,366410,9876,05,119
"Saline County, Arkansas",122437,40.4,66327,30689,13149,2621,107328,9375,6292,117185,2897,05,125
"Sebastian County, Arkansas",127827,37.8,48839,26433,20253,4194,92977,8891,18863,116102,3590,05,131
"Washington County, Arkansas",239187,32.6,50798,27113,38318,7556,188340,9389,40999,209906,7452,05,143
"White County, Arkansas",78753,37.5,43399,24529,11498,1319,71325,4524,3501,76985,659,05,145
"Alameda County, California",1671329,38.0,108322,51727,145561,35517,649209,178246,373055,1101713,305779,06,001
"Butte County, California",219186,36.9,62563,34250,34050,7014,175765,3984,37731,200915,8867,06,007
"Contra Costa County, California",1153526,40.0,107135,52021,90508,24290,600481,101590,300420,830075,172847,06,013
"El Dorado County, California",192843,45.9,87059,46669,17736,4398,167011,1644,25378,171430,10061,06,017
"Fresno County, California",999101,32.7,57518,25260,202698,37019,638792,47391,537180,784862,89990,06,019
"Humboldt County, California",135558,38.4,51662,32537,25886,4489,106738,2059,16354,126227,3724,06,023
"Imperial County, California",181215,32.3,48472,18800,42687,7697,125807,3979,154088,121942,27060,06,025
"Kern County, California",900202,31.9,53067,24524,166768,30704,645240,46432,491545,712524,65459,06,029
"Kings County, California",152940,31.8,58453,22979,21063,4095,115128,8635,84514,118140,12387,06,031
"Lake County, California",64386,44.5,47138,28056,12019,3236,50669,1247,14171,57235,3646,06,033
"Los Angeles County, California",10039107,37.0,72797,36044,1321571,267870,5234081,811176,4881970,6523588,1808363,06,037
"Madera County, California",157327,34.7,64827,24584,26093,5504,107073,4138,92484,124523,10069,06,039
"Marin County, California",258826,47.3,110843,75175,16925,5541,204109,7058,42160,207443,23729,06,041
"Mendocino County, California",86749,43.4,51744,30284,11279,2016,73467,823,22379,75515,3756,06,045
"Merced County, California",277680,31.7,61167,24704,45396,12167,141038,9337,169442,195469,31964,06,047
"Monterey County, California",434061,35.0,77514,31647,52838,7775,196483,12231,257721,303101,34825,06,053
"Napa County, California",137744,41.6,92769,47729,9088,2346,101380,3314,47661,106564,15397,06,055
"Nevada County, California",99755,50.0,68818,40556,8344,893,92832,310,9731,92247,2915,06,057
"Orange County, California",3175692,38.6,95934,43200,296159,68667,1881453,55517,1081091,2175579,537582,06,059
"Placer County, California",398329,42.4,97723,47164,28270,5822,329697,7771,57381,341007,33340,06,061
"Riverside County, California",2470546,36.2,73260,30383,273451,65971,1478117,163542,1236032,1913237,296428,06,065
"Sacramento County, California",1552058,36.6,72017,34603,192635,43547,859356,148840,366764,1202826,188604,06,067
"San Bernardino County, California",2180085,33.8,67903,26926,282497,59360,1351926,181122,1186808,1682274,244038,06,071
"San Diego County, California",3338330,36.4,83985,40389,333862,96752,2368310,164475,1140033,2510743,441153,06,073
"San Francisco County, California",881549,38.2,123859,75084,82356,20843,398662,48225,134309,564530,191991,06,075
"San Joaquin County, California",762148,34.7,68997,28919,101591,21705,431364,52493,320334,578517,92824,06,077
"San Luis Obispo County, California",283111,40.0,77265,38308,31960,4723,242058,5107,64860,252479,13971,06,079
"San Mateo County, California",766573,39.9,138500,68949,45632,12323,381129,17625,183978,477410,158488,06,081
"Santa Barbara County, California",446499,34.1,75653,38805,50817,10440,343029,9809,205536,335641,36085,06,083
"Santa Clara County, California",1927852,37.4,133076,62246,114594,36541,870226,49308,482298,1119863,424216,06,085
"Santa Cruz County, California",273213,38.5,89269,46714,26448,6255,210821,4743,92921,218632,24049,06,087
"Shasta County, California",180080,41.0,63091,32864,22286,4106,154887,1878,18936,169110,5973,06,089
"Solano County, California",447643,38.5,86652,36968,38543,9028,240947,61052,122103,345204,54840,06,095
"Sonoma County, California",494336,43.1,87828,46006,33007,9222,364751,7410,134954,412177,35569,06,097
"Stanislaus County, California",550660,34.5,63037,26686,69572,18091,442681,16542,262068,435948,53304,06,099
"Sutter County, California",96971,36.2,62777,30411,11950,2389,65941,1793,30906,74661,11734,06,101
"Tehama County, California",65084,40.4,53475,26932,11727,2673,55148,224,16776,59952,2423,06,103
"Tulare County, California",466195,31.4,57692,23096,86315,18278,314748,6811,305824,370143,39344,06,107
"Ventura County, California",846006,39.0,92236,40293,66011,17758,678174,15510,365835,650172,96495,06,111
"Yolo County, California",220500,31.8,71417,37497,38325,5849,158079,6192,70392,169274,24000,06,113
"Yuba County, California",78668,33.7,58765,26717,11275,2463,62576,2677,22925,66836,6219,06,115
"Adams County, Colorado",517421,34.0,75804,31811,45801,12570,410925,18728,211139,427174,40096,08,001
"Arapahoe County, Colorado",656590,36.7,82710,42426,44815,14302,467262,73012,129681,538773,51315,08,005
"Boulder County, Colorado",326196,37.0,88535,51415,34083,6859,291979,3897,45579,286903,14565,08,013
"Broomfield County, Colorado",70465,38.9,111400,57213,2441,832,60615,1019,8964,62880,5067,08,014
"Denver County, Colorado",727211,34.7,75646,47802,83601,13354,561365,62853,212983,617812,46080,08,031
"Douglas County, Colorado",351154,39.3,122867,55579,8875,4956,309421,6114,32066,318808,16821,08,035
"El Paso County, Colorado",720403,34.5,72830,35568,59397,19694,570068,45784,127746,648169,28845,08,041
"Jefferson County, Colorado",582881,40.2,90040,47652,40796,10037,526137,6943,90862,540422,20198,08,059
"Larimer County, Colorado",356899,36.4,75186,40582,39052,7006,324847,3423,42526,335117,8525,08,069
"Mesa County, Colorado",154210,39.9,60500,32324,16167,2672,145148,836,22846,146273,2285,08,077
"Pueblo County, Colorado",168424,39.8,51276,26778,29592,4486,137775,4327,72728,160123,2444,08,101
"Weld County, Colorado",324492,34.8,78615,33863,24966,6314,284067,4242,97348,290941,11765,08,123
"Fairfield County, Connecticut",943332,40.6,97053,58815,84006,27024,678975,114682,193772,696259,110912,09,001
"Hartford County, Connecticut",891720,40.3,75381,41324,94766,24034,609205,120195,167274,706127,79652,09,003
"Litchfield County, Connecticut",180333,47.9,81195,46748,12931,4884,166674,2863,12799,162971,9073,09,005
"Middlesex County, Connecticut",162436,46.4,76518,42647,11502,4343,139811,10074,10652,147082,8493,09,007
"New Haven County, Connecticut",854757,40.6,69751,38170,100626,29045,613987,122987,163616,704923,57791,09,009
"New London County, Connecticut",265206,41.9,75633,40584,18349,6853,213621,17205,29443,234216,13680,09,011
"Tolland County, Connecticut",150721,39.1,91028,45232,11284,3201,131854,5462,8861,136838,5941,09,013
"Windham County, Connecticut",116782,41.2,62106,32743,13685,3187,106101,3277,14537,108330,1945,09,015
"Kent County, Delaware",180786,37.9,58001,28004,22573,3924,118702,46829,13410,164384,5995,10,001
"New Castle County, Delaware",558753,39.1,76328,39576,54866,14270,351478,143765,58200,481052,32561,10,003
"Sussex County, Delaware",234225,50.6,65155,37207,28944,4437,189539,28824,21780,211839,9374,10,005
"District of Columbia, District of Columbia",705749,34.3,92266,59808,90534,25916,300058,320704,79477,605792,41552,11,001
"Alachua County, Florida",269043,32.6,49534,29573,47695,5839,182396,51376,28221,232556,13315,12,001
"Bay County, Florida",174705,41.4,59450,31245,17681,3558,141875,17297,11637,156195,7736,12,005
"Brevard County, Florida",601942,47.2,57305,32667,51942,15265,493588,53058,65612,526877,34684,12,009
"Broward County, Florida",1952778,40.9,61502,34357,236220,50302,1180665,562835,606982,1203626,418544,12,011
"Charlotte County, Florida",188910,60.2,54652,33407,22138,2596,168816,10244,14591,163712,13755,12,015
"Citrus County, Florida",149657,57.2,50751,29264,23061,4436,137716,5014,9166,139285,6646,12,017
"Clay County, Florida",219252,40.8,76687,32839,18468,4814,170593,26746,22855,196946,10576,12,019
"Collier County, Florida",384902,51.8,76025,47433,35342,4929,341750,26105,109937,276251,53742,12,021
"Columbia County, Florida",71686,40.2,47094,23358,9387,2696,55009,13130,4837,66629,1486,12,023
"Duval County, Florida",957755,36.4,58415,31984,127108,22648,560489,285600,100736,821798,60494,12,031
"Escambia County, Florida",318316,37.3,53136,29774,45827,9864,215114,70833,18894,294669,9166,12,033
"Flagler County, Florida",115081,52.2,60204,33857,11927,1462,94443,10232,12507,96339,11430,12,035
"Hernando County, Florida",193920,49.1,51031,26413,23441,3456,169692,11013,28776,176417,8417,12,053
"Highlands County, Florida",106221,54.2,48698,28896,15112,2009,89142,11765,22409,90261,6459,12,055
"Hillsborough County, Florida",1471968,37.8,61154,32998,196849,33327,1024028,255003,436896,1122297,136319,12,057
"Indian River County, Florida",159923,54.5,59782,37521,19512,4342,138076,15496,20383,138379,7492,12,061
"Lake County, Florida",367118,47.1,57588,30277,40573,7926,298056,39377,61388,313423,22688,12,069
"Lee County, Florida",770577,49.3,62240,35715,86157,15218,644360,66440,173497,615373,72159,12,071
"Leon County, Florida",293582,31.3,54929,30861,61370,11284,178573,92373,19613,267227,10373,12,073
"Manatee County, Florida",403253,49.4,64499,36144,45871,11777,343991,36200,68094,348060,21134,12,081
"Marion County, Florida",365579,48.9,49576,27033,53235,9261,299730,48342,51636,324551,21446,12,083
"Martin County, Florida",161000,53.3,70842,46789,11652,3880,144003,7813,22844,137813,10475,12,085
"Miami-Dade County, Florida",2716940,40.5,55171,29760,417629,49357,2053027,456189,1886364,1156361,887450,12,086
"Monroe County, Florida",74228,48.3,68589,48347,6364,1055,63808,6291,18800,57884,8259,12,087
"Nassau County, Florida",88625,46.5,70939,34671,8646,1277,78703,5674,4164,83219,2020,12,089
"Okaloosa County, Florida",210738,37.2,64222,32968,23266,3279,162222,17644,20532,186528,7843,12,091
"Orange County, Florida",1393452,35.6,63461,31433,171033,30862,885765,296070,455295,952508,151238,12,095
"Osceola County, Florida",375751,36.0,51760,23392,54092,7466,269428,45340,209796,222818,39707,12,097
"Palm Beach County, Florida",1496770,45.2,66623,40888,167854,38579,1083567,284114,349584,1068095,213907,12,099
"Pasco County, Florida",553947,44.3,55828,29872,61568,10423,475775,33988,91616,477375,37506,12,101
"Pinellas County, Florida",974996,48.9,56737,36469,107742,24669,791030,98811,99408,837776,69343,12,103
"Polk County, Florida",724777,40.2,51833,25281,99344,14153,543681,110868,178402,593574,39505,12,105
"Putnam County, Florida",74521,46.6,42899,22027,16679,1654,59972,12245,7597,68825,1130,12,107
"St. Johns County, Florida",264672,44.0,90356,45745,16815,7152,233178,15216,19759,237818,13155,12,109
"St. Lucie County, Florida",328297,45.2,58039,28408,31412,6144,236472,64013,65310,265287,33824,12,111
"Santa Rosa County, Florida",184313,40.4,64930,31465,17888,3848,157163,11268,10858,172672,4896,12,113
"Sarasota County, Florida",433742,57.3,66342,42895,29856,6104,392685,18428,41469,375699,30913,12,115
"Seminole County, Florida",471826,39.5,70190,37370,43581,9983,337829,59469,105947,367408,43984,12,117
"Sumter County, Florida",132420,68.9,60287,39187,9934,1210,119040,8298,7854,124012,4100,12,119
"Volusia County, Florida",553284,47.0,53766,29623,69706,9508,435185,58899,82949,485793,29923,12,127
"Walton County, Florida",74071,43.3,60457,30395,6688,1080,64977,2908,4794,66997,3398,12,131
"Barrow County, Georgia",83240,37.1,69890,27348,8260,1869,64541,10094,10137,74246,4698,13,013
"Bartow County, Georgia",107738,38.0,59911,26176,15981,2280,90062,11529,9867,102710,1075,13,015
"Bibb County, Georgia",153159,36.5,42140,27322,34285,5214,60153,83244,5348,145866,2493,13,021
"Bulloch County, Georgia",79608,28.0,50436,22714,16083,2486,51797,22620,3376,75828,803,13,031
"Carroll County, Georgia",119992,35.5,61133,25911,17493,5195,88404,24670,8629,112682,2210,13,045
"Catoosa County, Georgia",67580,42.0,61487,26976,5108,1058,,,1852,65789,695,13,047
"Chatham County, Georgia",289430,36.3,57611,31970,38877,8969,149040,118414,19336,263363,9612,13,051
"Cherokee County, Georgia",258773,39.0,86404,37313,17421,3634,220530,19696,28607,231906,12027,13,057
"Clarke County, Georgia",128331,28.5,39799,26154,31533,2988,80775,36161,14117,114277,5584,13,059
"Clayton County, Georgia",292256,33.0,51093,21251,44074,9732,49935,203719,39195,247081,19861,13,063
"Cobb County, Georgia",760141,37.3,79601,42005,60219,14753,427108,213192,101121,623783,55854,13,067
"Columbia County, Georgia",156714,38.0,88761,37837,6402,2705,114364,26183,11127,142676,5313,13,073
"Coweta County, Georgia",148509,40.1,78423,34917,14648,1613,112588,27661,10850,136556,5462,13,077
"DeKalb County, Georgia",759297,36.3,63652,38218,92060,20058,256943,409327,64757,632714,48959,13,089
"Dougherty County, Georgia",87956,36.2,35062,21768,22894,4926,,,2688,85955,694,13,095
"Douglas County, Georgia",146343,36.7,62669,28386,15544,4583,65461,70313,14981,129226,9576,13,097
"Fayette County, Georgia",114421,43.1,92172,45845,6520,1287,75067,28099,8563,98376,5788,13,113
"Floyd County, Georgia",98498,38.2,50880,25581,15562,1884,75873,12954,11416,91685,1562,13,115
"Forsyth County, Georgia",244252,38.8,112108,46243,10570,3734,182582,9585,23606,195905,18995,13,117
"Fulton County, Georgia",1063937,35.9,80013,52964,139317,24933,469465,472625,76773,910655,67059,13,121
"Glynn County, Georgia",85292,42.1,59004,34415,13054,2019,55984,23597,5830,81241,1426,13,127
"Gwinnett County, Georgia",936250,35.8,72109,31170,86176,15838,429774,266298,203623,664786,121816,13,135
"Hall County, Georgia",204441,38.4,67467,32667,29424,3776,174994,13567,59460,168613,10249,13,139
"Henry County, Georgia",234561,36.9,71939,31482,19053,6420,106904,112316,16983,214152,11202,13,151
"Houston County, Georgia",157863,35.6,66740,29165,16440,3241,91443,49550,10357,143235,5480,13,153
"Jackson County, Georgia",72977,37.0,65063,29991,7979,765,61658,5157,6153,68708,1501,13,157
"Lowndes County, Georgia",117406,30.3,45683,24708,23916,3799,64240,44053,7015,112691,1512,13,185
"Muscogee County, Georgia",195769,34.9,46934,27444,34632,5459,83333,91340,15087,178854,7079,13,215
"Newton County, Georgia",111744,35.9,57254,24320,10512,2318,,,6802,104889,2421,13,217
"Paulding County, Georgia",168667,36.8,75800,28126,10358,3803,125701,31020,11906,154998,6299,13,223
"Richmond County, Georgia",202518,34.7,44973,23266,40350,5122,71738,114219,10260,190714,5078,13,245
"Rockdale County, Georgia",90896,39.2,60560,28846,9453,3103,33387,50986,9519,79524,5658,13,247
"Spalding County, Georgia",66703,41.5,51677,26496,11026,1105,,,3320,63503,1339,13,255
"Troup County, Georgia",69922,35.3,46198,23992,15151,1074,40247,25464,2609,66817,1811,13,285
"Walker County, Georgia",69761,40.9,47856,23353,9642,2205,64123,4227,1223,68526,887,13,295
"Walton County, Georgia",94593,38.7,66176,29680,10349,3256,72825,17174,4654,89850,2100,13,297
"Whitfield County, Georgia",104628,36.3,52198,25518,12799,2455,93218,3641,38014,84024,6294,13,313
"Hawaii County, Hawaii",201513,43.2,67075,32282,26250,5494,66070,826,25999,167417,14202,15,001
"Honolulu County, Hawaii",974563,38.4,87470,38461,76644,17386,196270,25241,97281,740174,121571,15,003
"Kauai County, Hawaii",72293,42.2,81971,34389,6112,971,22554,137,8213,58271,5427,15,007
"Maui County, Hawaii",167488,41.7,80754,35210,19716,3261,56312,719,19366,128814,19762,15,009
"Ada County, Idaho",481587,37.8,72021,37297,46585,9657,434358,6795,41045,444288,16178,16,001
"Bannock County, Idaho",87808,34.5,51989,25086,11221,1444,77618,729,7838,84540,813,16,005
"Bonneville County, Idaho",119062,33.3,64618,30111,9706,636,108330,374,15940,113753,2097,16,019
"Canyon County, Idaho",229849,33.9,58945,24973,20734,3129,181500,1063,58947,208979,8238,16,027
"Kootenai County, Idaho",165697,40.7,62579,30041,16317,1700,155439,340,8187,160181,2324,16,055
"Twin Falls County, Idaho",86878,34.7,56276,26629,8002,1425,,,14845,79635,2372,16,083
"Adams County, Illinois",65435,41.7,55727,30245,7990,1399,,,1161,64311,640,17,001
"Champaign County, Illinois",209689,30.8,52405,29969,40998,5329,149478,28368,13117,183092,8903,17,019
"Cook County, Illinois",5150233,37.2,69429,40042,657797,152383,2916176,1189794,1319283,3986206,578958,17,031
"DeKalb County, Illinois",104897,31.4,64131,30761,13672,3331,85417,7845,12222,97408,4018,17,037
"DuPage County, Illinois",922921,39.8,96403,48030,53282,17838,703358,45020,134510,729505,106616,17,043
"Kane County, Illinois",532403,38.2,84368,37919,43021,10184,394664,30388,172361,436144,49468,17,089
"Kankakee County, Illinois",109862,38.7,60923,28332,12847,2230,88698,17177,11916,104048,2438,17,091
"Kendall County, Illinois",128990,35.9,104858,37600,,2310,105348,10485,25862,117329,5687,17,093
"Lake County, Illinois",696535,38.7,92511,46987,48035,15456,516918,47300,156272,554368,71445,17,097
"LaSalle County, Illinois",108669,42.1,59130,31101,13510,2483,99522,3359,11141,104337,2026,17,099
"McHenry County, Illinois",307774,40.2,88879,40012,15508,6841,284113,4523,42737,280254,13553,17,111
"McLean County, Illinois",171517,34.0,68784,33809,25383,2404,143711,14048,8862,158744,5449,17,113
"Macon County, Illinois",104009,40.4,50839,29772,17411,2686,80607,18749,2489,100710,1241,17,115
"Madison County, Illinois",262966,41.1,67440,36072,27263,5127,229354,21887,9035,255907,4465,17,119
"Peoria County, Illinois",179179,38.5,57247,34405,25855,4769,129106,32993,9057,169958,3585,17,143
"Rock Island County, Illinois",141879,40.7,58313,30034,19085,3701,110742,15044,18753,128169,5340,17,161
"St. Clair County, Illinois",259686,38.9,57169,32430,32878,6087,167199,76052,11216,246118,4189,17,163
"Sangamon County, Illinois",194672,40.8,61280,35490,24077,5319,159527,25391,4727,187881,3655,17,167
"Tazewell County, Illinois",131803,41.6,65848,32496,10049,2439,126273,1433,3237,129700,518,17,179
"Vermilion County, Illinois",75758,40.5,43111,25592,11979,2744,61830,10939,3982,73779,947,17,183
"Will County, Illinois",690743,38.6,90134,37678,43665,14080,508306,79657,125375,597991,49955,17,197
"Williamson County, Illinois",66597,41.0,58097,32711,7745,1190,59900,3004,1123,64775,561,17,199
"Winnebago County, Illinois",282572,39.8,59455,30052,47262,9890,221622,39076,38180,257872,11219,17,201
"Allen County, Indiana",379299,36.3,56519,30287,37899,7317,294918,42717,29356,348578,12271,18,003
"Bartholomew County, Indiana",83779,38.0,72555,33731,11493,851,70685,794,6019,74103,2685,18,005
"Boone County, Indiana",67843,38.4,70813,49905,6713,681,,,2157,63644,1315,18,011
"Clark County, Indiana",118302,39.7,59064,27933,11501,2609,103343,8933,6704,113424,1593,18,019
"Delaware County, Indiana",114135,36.6,45065,25737,24266,3544,101399,7186,3004,111165,2008,18,035
"Elkhart County, Indiana",206341,35.9,54531,26745,18484,3241,171592,12665,34580,185953,6946,18,039
"Floyd County, Indiana",78522,38.8,63219,31598,8591,1243,70985,3711,2765,75374,1256,18,043
"Grant County, Indiana",65769,40.8,47206,25143,9150,1786,57438,4315,2898,63911,366,18,053
"Hamilton County, Indiana",338011,37.4,105062,51572,15563,5597,290443,14768,14447,305711,17473,18,057
"Hancock County, Indiana",78168,40.5,69392,34953,3978,1402,,,2032,75815,753,18,059
"Hendricks County, Indiana",170311,39.2,85381,40113,7926,2639,145389,12133,7324,161932,4592,18,063
"Howard County, Indiana",82544,41.6,53440,27393,9604,2227,,,1338,,,18,067
"Johnson County, Indiana",158167,38.2,73651,36498,7480,1914,141559,3655,5938,148767,3766,18,081
"Kosciusko County, Indiana",79456,39.7,64099,31248,7555,1607,72911,1174,6482,74167,1304,18,085
"Lake County, Indiana",485493,40.0,57081,30591,67807,14341,308076,114497,95254,447754,17293,18,089
"LaPorte County, Indiana",109888,41.1,56019,28484,13903,1693,91110,12032,7581,106296,1565,18,091
"Madison County, Indiana",129569,40.7,55142,26665,15501,3264,114100,10864,5648,126526,516,18,095
"Marion County, Indiana",964582,34.4,50458,29594,141354,27521,588751,276376,105062,864204,32252,18,097
"Monroe County, Indiana",148431,29.5,52453,28387,29419,2995,127639,4950,5274,135737,3725,18,105
"Morgan County, Indiana",70489,41.4,62862,33814,5694,925,,,967,69573,428,18,109
"Porter County, Indiana",170389,40.0,72483,36582,13438,3700,154491,7268,17718,163156,3395,18,127
"St. Joseph County, Indiana",271826,36.9,53456,29020,40679,5661,209652,34920,24812,249920,6877,18,141
"Tippecanoe County, Indiana",195732,28.5,49352,27515,30079,2766,157216,11376,17063,170450,6833,18,157
"Vanderburgh County, Indiana",181451,39.2,51350,30543,25708,4581,152831,17588,5155,174049,2742,18,163
"Vigo County, Indiana",107038,36.4,48013,26811,21169,4382,92535,7669,3006,103120,1311,18,167
"Wayne County, Indiana",65884,40.5,47944,26003,9536,1444,58138,2978,2130,63908,103,18,177
"Black Hawk County, Iowa",131228,35.8,60506,33661,16820,3702,109363,12952,6023,120270,4980,19,013
"Dallas County, Iowa",93453,35.3,94885,46135,3463,2214,84101,2699,5847,83598,6061,19,049
"Dubuque County, Iowa",97311,39.1,62178,33294,10664,1506,89282,3823,2560,93638,1248,19,061
"Johnson County, Iowa",151140,30.7,66011,39980,24820,3331,122583,10895,8711,132899,5826,19,103
"Linn County, Iowa",226706,37.9,63559,33891,26982,5063,197713,12869,7674,213590,5492,19,113
"Polk County, Iowa",490161,36.0,66918,35809,47765,12685,411634,38150,42477,436313,23686,19,153
"Pottawattamie County, Iowa",93206,40.2,60056,29596,9491,1344,87339,1961,7392,88882,2258,19,155
"Scott County, Iowa",172943,38.7,65122,36685,19256,3492,147627,13359,12027,164406,4303,19,163
"Story County, Iowa",97117,27.9,63107,32042,14988,2643,81815,3084,3581,88487,2483,19,169
"Woodbury County, Iowa",103107,35.7,58945,27556,12392,1717,88218,3993,17918,93101,4920,19,193
"Butler County, Kansas",66911,38.4,61951,31531,4760,1365,61543,2395,3443,63824,1244,20,015
"Douglas County, Kansas",122259,30.8,64233,33253,17859,3523,100869,4299,7946,113825,1935,20,045
"Johnson County, Kansas",602401,37.8,91771,47877,31774,8968,510809,28957,47723,541145,26302,20,091
"Leavenworth County, Kansas",81758,39.1,77070,32327,6150,1499,68073,7093,5940,77914,1098,20,103
"Riley County, Kansas",74232,25.1,50920,26742,14966,2895,61679,2535,6272,67828,1779,20,161
"Sedgwick County, Kansas",516042,35.8,59716,30958,62931,14066,401414,44165,77640,464867,21840,20,173
"Shawnee County, Kansas",176875,40.2,59441,33046,14816,2886,143014,16522,22671,169933,3343,20,177
"Wyandotte County, Kansas",165429,33.5,46964,22866,34423,4367,94177,36575,49366,133082,6270,20,209
"Boone County, Kentucky",133581,37.6,76443,35236,10164,1544,121911,2618,5861,122249,4085,21,015
"Bullitt County, Kentucky",81676,41.3,65560,32026,4860,1657,,,1872,,,21,029
"Campbell County, Kentucky",93584,38.3,66439,37538,10133,1797,87404,2384,2023,90960,1385,21,037
"Christian County, Kentucky",70461,28.1,47445,24445,12728,3053,49144,15715,5731,66349,1327,21,047
"Daviess County, Kentucky",101511,39.0,50964,29083,16533,1740,90670,2509,3352,95276,2172,21,059
"Fayette County, Kentucky",323152,35.0,58356,34947,48298,9315,237490,47878,23960,287052,12761,21,067
"Hardin County, Kentucky",110958,38.1,57463,29622,10418,2706,87590,13506,6491,101662,3924,21,093
"Jefferson County, Kentucky",766757,38.5,59049,33952,104759,18123,546872,171781,45355,689000,31980,21,111
"Kenton County, Kentucky",166998,37.8,68849,35901,18450,2536,150351,6710,5737,159870,2172,21,117
"McCracken County, Kentucky",65418,42.7,45084,29391,10047,1003,55310,5307,1780,64454,287,21,145
"Madison County, Kentucky",92987,34.2,49421,26837,15758,2481,84907,3616,2468,89318,1379,21,151
"Oldham County, Kentucky",66799,39.9,97968,43043,3189,1668,61450,3474,2688,62695,1909,21,185
"Warren County, Kentucky",132896,33.4,52645,28928,19958,3421,107619,11640,7469,116712,3890,21,227
"Ascension Parish, Louisiana",126604,35.7,85425,38352,10439,1541,,,7543,123026,910,22,005
"Bossier Parish, Louisiana",127039,35.8,49962,27559,23296,1529,90720,29422,8760,120258,1716,22,015
"Caddo Parish, Louisiana",240204,38.8,45537,28040,57858,6110,110929,119896,6887,235440,2387,22,017
"Calcasieu Parish, Louisiana",203436,36.3,51246,29789,42035,4953,141761,51058,8351,196373,2058,22,019
"East Baton Rouge Parish, Louisiana",440059,34.5,56451,32363,75511,15107,202115,207515,19381,409252,8361,22,033
"Iberia Parish, Louisiana",69830,37.5,50991,24194,15072,665,41591,22861,3005,67087,872,22,045
"Jefferson Parish, Louisiana",432493,39.9,56069,30358,59713,9653,272355,117383,64526,369859,24259,22,051
"Lafayette Parish, Louisiana",244390,35.9,60567,33399,42102,6929,168574,65388,11264,232861,3132,22,055
"Lafourche Parish, Louisiana",97614,37.8,51339,26311,17849,2719,78421,13911,4268,94925,677,22,057
"Livingston Parish, Louisiana",140789,36.0,62187,27893,18224,2740,,,5719,137004,1242,22,063
"Orleans Parish, Louisiana",390144,38.3,45615,34034,88044,15894,132595,229418,21483,362875,11013,22,071
"Ouachita Parish, Louisiana",153279,37.1,41137,25474,36819,2355,87618,57876,3438,147377,1975,22,073
"Rapides Parish, Louisiana",129648,37.7,50490,27869,22678,2289,82021,41183,4194,124690,1827,22,079
"St. Landry Parish, Louisiana",82124,38.2,38681,21733,17622,2020,,,1940,81087,467,22,097
"St. Tammany Parish, Louisiana",260419,40.4,69076,33136,31583,5125,214124,34215,15316,248441,4951,22,103
"Tangipahoa Parish, Louisiana",134758,36.6,47825,24217,30095,3442,,,5942,129947,1191,22,105
"Terrebonne Parish, Louisiana",110461,36.2,48446,28402,21632,2848,77626,21372,5666,106629,770,22,109
"Androscoggin County, Maine",108277,42.1,63813,32338,9266,1415,98890,3755,2100,101923,2986,23,001
"Aroostook County, Maine",67055,48.7,38768,24169,10491,1795,63388,651,906,63367,1964,23,003
"Cumberland County, Maine",295003,42.5,76059,44518,21862,4240,269684,10161,6367,272746,10605,23,005
"Kennebec County, Maine",122302,45.1,55389,32418,13938,2005,116835,1802,2056,117356,2849,23,011
"Penobscot County, Maine",152148,42.7,50449,30245,17591,3016,142957,1313,2236,146020,2766,23,019
"York County, Maine",207641,45.5,66648,34947,15557,4409,197350,2374,3830,197212,4333,23,031
"Allegany County, Maryland",70416,42.5,48867,23095,9612,1740,61563,5642,705,68670,877,24,001
"Anne Arundel County, Maryland",579234,38.5,101147,48571,28044,10942,417915,101926,48798,516154,29976,24,003
"Baltimore County, Maryland",827370,39.5,77358,41370,72157,18621,483230,248401,48074,712486,58924,24,005
"Calvert County, Maryland",92525,40.1,112380,46276,5459,1585,75277,11807,4069,88096,1565,24,009
"Carroll County, Maryland",168447,42.4,103014,43364,7584,2334,153803,6294,6508,160065,4392,24,013
"Cecil County, Maryland",102855,41.0,76441,35416,12450,1279,90092,7715,4820,98469,1065,24,015
"Charles County, Maryland",163257,38.8,103932,45133,8777,3242,66778,82621,10211,149003,6792,24,017
"Frederick County, Maryland",259547,38.7,103516,45204,14223,5080,206661,27065,27367,227236,15317,24,021
"Harford County, Maryland",255441,41.1,92331,43216,17087,3977,199416,36306,12215,237961,9604,24,025
"Howard County, Maryland",325690,38.9,121618,56192,15526,7933,179563,64061,23882,250692,40715,24,027
"Montgomery County, Maryland",1050688,39.7,110389,54814,76985,25876,536605,200076,210773,685397,186102,24,031
"Prince George's County, Maryland",909327,37.8,86290,37618,75954,27774,145611,561709,177727,682827,90255,24,033
"St. Mary's County, Maryland",113510,37.5,87947,41402,8111,2334,87179,17644,6342,105842,4045,24,037
"Washington County, Maryland",151049,41.1,59140,30398,18556,3994,121625,18086,8709,139599,4237,24,043
"Wicomico County, Maryland",103609,37.8,54402,28917,17593,3074,67608,26744,5743,93182,2592,24,045
"Baltimore city, Maryland",593490,35.9,50177,32430,115472,22110,179979,371243,33652,542041,19431,24,510
"Barnstable County, Massachusetts",212990,54.1,85042,50384,10948,3480,194743,6639,7235,193432,11111,25,001
"Berkshire County, Massachusetts",124944,47.7,58895,36759,12830,2571,111686,3863,6423,115287,5245,25,003
"Bristol County, Massachusetts",565217,41.0,70402,36343,62974,12038,474159,28293,48567,471745,48948,25,005
"Essex County, Massachusetts",789034,40.6,83810,45144,67429,19859,609454,35703,175535,613823,80450,25,009
"Franklin County, Massachusetts",70180,47.4,60018,35575,5831,1967,64622,912,2947,65406,1235,25,011
"Hampden County, Massachusetts",466372,39.1,60161,32682,61971,10493,372569,41626,122812,381176,28761,25,013
"Hampshire County, Massachusetts",160830,37.7,74778,35840,15320,3800,139472,3331,9430,143241,7214,25,015
"Middlesex County, Massachusetts",1611699,38.8,107056,55488,107988,29432,1213313,87408,134172,1230795,175642,25,017
"Norfolk County, Massachusetts",706775,40.7,107361,55414,39252,12794,536931,51241,35096,560012,82537,25,021
"Plymouth County, Massachusetts",521202,43.2,90880,45122,36635,12619,427519,59873,21739,460546,35093,25,023
"Suffolk County, Massachusetts",803907,33.1,77558,46896,127677,21869,443334,178818,187460,545797,111477,25,025
"Worcester County, Massachusetts",830622,40.3,78345,39098,75601,19744,693808,42274,101093,686705,60890,25,027
"Allegan County, Michigan",118081,40.2,66278,29656,14011,1126,110852,1825,8879,114591,813,26,005
"Bay County, Michigan",103126,44.1,49610,29922,14222,2284,97404,1778,5680,101856,773,26,017
"Berrien County, Michigan",153401,42.1,50153,32237,24374,3647,121331,22252,8829,144453,3329,26,021
"Calhoun County, Michigan",134159,39.6,49055,28175,17523,3709,107815,14238,7345,126561,3853,26,025
"Clinton County, Michigan",79595,41.2,69651,34920,6735,1286,73461,1786,3677,77125,1190,26,037
"Eaton County, Michigan",110268,40.7,65409,34586,7117,2446,95546,8178,6247,105361,2385,26,045
"Genesee County, Michigan",405813,40.4,50389,28503,66271,16359,301546,81575,14490,393379,6122,26,049
"Grand Traverse County, Michigan",93088,42.9,65266,37568,5582,1554,88601,853,2759,90745,1262,26,055
"Ingham County, Michigan",292406,32.4,54395,30188,48166,7893,218215,36629,23381,258379,14036,26,065
"Isabella County, Michigan",69872,29.5,45201,23947,16180,2553,61646,2098,2889,67535,934,26,073
"Jackson County, Michigan",158510,41.3,55124,29209,20874,3763,138115,10910,5775,154254,2069,26,075
"Kalamazoo County, Michigan",265066,34.8,56441,31652,34477,6684,211916,31139,13823,247128,5600,26,077
"Kent County, Michigan",656955,35.5,66532,33736,72882,13823,520702,60661,71239,599241,22346,26,081
"Lapeer County, Michigan",87607,44.5,66263,32162,9377,2073,83183,1264,4130,85436,888,26,087
"Lenawee County, Michigan",98451,42.1,53865,28046,11897,2593,92654,1889,8049,95941,794,26,091
"Livingston County, Michigan",191995,43.7,86512,42920,7365,4140,185219,888,4897,185463,3144,26,093
"Macomb County, Michigan",873972,40.9,64947,32574,72528,22290,697499,102177,24084,762532,70819,26,099
"Marquette County, Michigan",66699,38.8,55148,29489,7191,1655,62116,1074,1052,65112,712,26,103
"Midland County, Michigan",83156,41.3,69872,38087,7657,1294,77214,1125,2434,80019,1404,26,111
"Monroe County, Michigan",150500,43.0,62839,33754,16159,3600,141315,3215,5641,145993,2529,26,115
"Muskegon County, Michigan",173566,39.1,50366,26697,21600,5493,140494,23136,10078,169576,1966,26,121
"Oakland County, Michigan",1257584,41.0,81190,46082,95572,27880,942056,170588,54538,1069393,95151,26,125
"Ottawa County, Michigan",291830,36.1,68817,33089,23516,4380,260091,5010,29729,271773,8972,26,139
"Saginaw County, Michigan",190539,40.9,48303,29451,34997,4611,144761,35251,16517,186145,2017,26,145
"St. Clair County, Michigan",159128,44.2,59837,31406,15817,4478,148702,4789,5580,153676,2036,26,147
"Shiawassee County, Michigan",68122,43.5,55249,28412,7192,1636,,,2102,67251,143,26,155
"Van Buren County, Michigan",75677,41.9,60549,28087,9417,1963,67466,2493,8831,71670,1462,26,159
"Washtenaw County, Michigan",367601,34.1,76576,43714,46430,6082,270532,44448,18075,313542,21201,26,161
"Wayne County, Michigan",1749343,37.6,50753,28623,339476,55323,922540,674108,107451,1571279,92730,26,163
"Anoka County, Minnesota",356921,38.8,83353,38647,21477,6951,293048,25635,17369,320241,23478,27,003
"Blue Earth County, Minnesota",67653,31.4,61133,30152,11254,1010,61178,3281,2664,63373,853,27,013
"Carver County, Minnesota",105089,38.0,101434,48293,4887,1897,95967,345,4573,98723,3435,27,019
"Crow Wing County, Minnesota",65055,45.0,60534,32188,6985,1056,62182,634,1001,63669,643,27,035
"Dakota County, Minnesota",429021,38.3,88864,42196,28176,9477,345069,31116,32425,383887,22826,27,037
"Hennepin County, Minnesota",1265843,36.8,82369,46970,119241,23233,904234,165711,88473,1086312,94052,27,053
"Olmsted County, Minnesota",158293,37.8,80096,43470,9768,1836,132020,9797,8219,139658,9145,27,109
"Ramsey County, Minnesota",550321,35.3,68871,35517,65960,10773,361977,68554,41349,455577,50442,27,123
"Rice County, Minnesota",66972,36.6,72469,34481,4130,1219,57069,2986,5689,63121,1532,27,131
"St. Louis County, Minnesota",199070,41.2,60434,33021,24492,3327,182664,3517,3612,192495,3955,27,137
"Scott County, Minnesota",149013,37.1,108761,46546,5432,2096,123678,7320,7884,133491,8780,27,139
"Sherburne County, Minnesota",97238,36.5,96210,39385,5123,1359,88982,3087,2691,94593,1440,27,141
"Stearns County, Minnesota",161075,35.3,66558,31619,18625,3666,139161,11539,5737,148985,7466,27,145
"Washington County, Minnesota",262440,39.9,100596,49314,12218,3626,220422,11888,11702,241886,12369,27,163
"Wright County, Minnesota",138377,37.5,91707,38068,7247,778,128720,2281,4325,134042,1973,27,171
"DeSoto County, Mississippi",184945,36.6,66078,30575,17650,4337,119740,55988,9415,177009,3277,28,033
"Forrest County, Mississippi",74897,33.2,39063,24063,17801,2429,,,2224,,,28,035
"Harrison County, Mississippi",208080,37.3,50119,25535,34264,7822,139587,52737,11600,197126,3302,28,047
"Hinds County, Mississippi",231840,35.8,44964,24208,42282,9524,58183,168989,3613,227291,1033,28,049
"Jackson County, Mississippi",143617,39.6,52476,30186,21112,6695,103118,29785,9810,132982,3346,28,059
"Jones County, Mississippi",68098,37.0,37594,22636,18384,527,,,3196,66197,218,28,067
"Lauderdale County, Mississippi",74125,38.9,37497,25323,14707,1053,39933,32775,1693,72890,284,28,075
"Lee County, Mississippi",85436,38.7,49715,28126,11964,1819,,,2334,83698,490,28,081
"Madison County, Mississippi",106272,37.1,68171,37362,9077,2130,61087,40228,3334,99920,3420,28,089
"Rankin County, Mississippi",155271,38.2,67012,31842,17515,3847,115982,33741,4381,149639,2385,28,121
"Boone County, Missouri",180463,31.7,57013,31278,33662,4259,146438,14589,6387,164689,3607,29,019
"Buchanan County, Missouri",87364,39.5,46922,25626,13711,1448,75365,4578,5991,83998,967,29,021
"Cape Girardeau County, Missouri",78871,37.4,57908,30826,12278,1541,68942,6205,1947,76873,1210,29,031
"Cass County, Missouri",105780,39.4,72819,34728,8639,1777,,,4841,,,29,037
"Christian County, Missouri",88595,38.6,62765,29933,10868,779,,,2762,85521,788,29,043
"Clay County, Missouri",249948,37.6,70253,33101,25932,4942,208292,14676,17661,232446,10804,29,047
"Cole County, Missouri",76745,40.5,61371,31613,7901,765,63884,9562,2252,73426,905,29,051
"Franklin County, Missouri",103967,41.5,60953,29637,9151,2445,99703,1035,1936,,,29,071
"Greene County, Missouri",293086,36.3,43752,28295,40729,4734,261617,10275,11576,281112,5170,29,077
"Jackson County, Missouri",703011,37.2,57936,31982,93256,12841,472083,161954,64986,656636,18541,29,095
"Jasper County, Missouri",121328,36.1,45010,23957,24556,3164,110265,1887,10270,113249,1804,29,097
"Jefferson County, Missouri",225081,40.3,69009,30236,17359,6043,216303,3276,4704,219836,2884,29,099
"Platte County, Missouri",104418,39.2,81712,39649,4605,2840,88482,8266,6626,96548,4906,29,165
"St. Charles County, Missouri",402022,39.0,89146,40508,16692,4819,357573,19836,13754,382517,7869,29,183
"St. Francois County, Missouri",67215,39.1,42390,21793,9984,2082,,,648,,,29,187
"St. Louis County, Missouri",994205,40.4,70022,43289,87337,18799,665587,242125,29916,908450,45129,29,189
"St. Louis city, Missouri",300576,36.4,47176,31819,55883,8497,140701,135967,12543,275627,7978,29,510
"Cascade County, Montana",81366,37.4,51227,27116,12153,948,71320,776,3859,78831,863,30,013
"Flathead County, Montana",103806,42.4,62588,32050,8040,1962,96995,551,3130,99578,1889,30,029
"Gallatin County, Montana",114434,33.1,75418,40788,13052,2496,106524,1027,4558,109569,2690,30,031
"Lewis and Clark County, Montana",69432,42.0,67616,37077,5615,1851,64322,617,1577,67396,690,30,049
"Missoula County, Montana",119600,37.3,57347,34144,13463,3450,109724,968,4094,116085,1527,30,063
"Yellowstone County, Montana",161300,39.1,61186,37919,18686,2829,144096,1586,9409,156478,1495,30,111
"Douglas County, Nebraska",571327,35.1,67133,35705,57056,13367,451724,64027,73944,506452,23317,31,055
"Lancaster County, Nebraska",319090,34.0,61175,34439,33200,6538,272554,12759,23566,291784,11895,31,109
"Sarpy County, Nebraska",187196,34.9,83720,37248,12304,2930,162930,7322,18861,175396,4602,31,153
"Clark County, Nevada",2266715,37.7,62107,32511,287386,60376,1345727,279196,717278,1711851,261153,32,003
"Washoe County, Nevada",471519,38.6,71881,39576,48799,12228,353042,11513,117884,392414,32646,32,031
"Cheshire County, New Hampshire",76085,43.8,66088,33135,7038,914,,,1505,72508,1705,33,005
"Grafton County, New Hampshire",89886,44.0,60588,39113,7211,898,82425,1545,2279,82924,2336,33,009
"Hillsborough County, New Hampshire",417025,41.0,83626,41779,29991,8928,371752,11178,30369,364859,24588,33,011
"Merrimack County, New Hampshire",151391,42.7,76218,37342,7794,1964,141054,3220,3459,143325,4205,33,013
"Rockingham County, New Hampshire",309769,44.7,91249,49967,14867,4691,292557,3266,10117,289081,10695,33,015
"Strafford County, New Hampshire",130633,37.6,71765,36676,9973,2325,120891,1418,3622,122849,3111,33,017
"Atlantic County, New Jersey",263670,41.9,63389,36298,28609,7962,168846,37184,51129,212714,24520,34,001
"Bergen County, New Jersey",932202,42.1,108827,55417,51246,16568,667991,52489,195997,620238,194685,34,003
"Burlington County, New Jersey",445349,41.4,88797,44820,23643,10318,318226,76401,38005,390247,30912,34,005
"Camden County, New Jersey",506471,38.7,73672,38110,53177,16093,320002,98594,89046,436139,32001,34,007
"Cape May County, New Jersey",92039,50.5,69980,43852,7973,2188,83801,4126,7452,86293,1295,34,009
"Cumberland County, New Jersey",149527,38.1,54587,29711,18305,5014,98730,30121,47569,122049,5353,34,011
"Essex County, New Jersey",798975,37.9,64626,40138,108531,29270,352316,318621,190013,543770,124237,34,013
"Gloucester County, New Jersey",291636,40.7,89447,40617,22162,6762,235630,31882,19500,273423,9659,34,015
"Hudson County, New Jersey",672391,35.5,78808,44055,92014,11767,379783,84657,286981,349223,150818,34,017
"Hunterdon County, New Jersey",124371,46.3,116155,60103,4338,3376,111742,3075,8694,108082,9377,34,019
"Mercer County, New Jersey",367430,38.8,79492,42338,44624,10140,219260,75137,67823,268408,43218,34,021
"Middlesex County, New Jersey",825062,39.3,93418,41343,70496,16793,453929,83965,182108,527748,172185,34,023
"Monmouth County, New Jersey",618795,43.5,102870,56171,36772,14080,511376,45968,68930,524702,59540,34,025
"Morris County, New Jersey",491845,43.3,116283,59347,26730,11207,399916,18588,68147,383372,61109,34,027
"Ocean County, New Jersey",607186,42.3,76093,37432,53947,12291,555478,19317,57819,552572,28694,34,029
"Passaic County, New Jersey",501826,37.7,77040,34065,66105,12727,334477,57221,215329,316265,96792,34,031
"Salem County, New Jersey",62385,43.1,68531,36066,7576,1631,49285,8155,6089,59164,1354,34,033
"Somerset County, New Jersey",328934,42.2,111587,56743,18642,8786,200713,32756,50061,238063,54517,34,035
"Sussex County, New Jersey",140488,44.8,101130,48286,6591,3857,130668,3431,12904,127587,8681,34,037
"Union County, New Jersey",556341,39.0,80339,41576,49780,16372,279505,117093,182552,361184,97151,34,039
"Warren County, New Jersey",105267,44.5,84479,42293,7001,3274,92621,5062,10697,93490,5904,34,041
"Bernalillo County, New Mexico",679121,38.4,56115,32772,108764,17977,503932,19726,341627,598524,35551,35,001
"Chaves County, New Mexico",64615,36.6,42003,22545,11252,1392,56610,1464,37376,56075,3729,35,005
"Do√±a Ana County, New Mexico",218195,33.2,43038,22144,55037,6403,174131,3881,150033,180879,18309,35,013
"Lea County, New Mexico",71070,33.0,68457,27008,11083,1295,62706,3154,42705,56005,4357,35,025
"McKinley County, New Mexico",71367,33.2,37153,15589,22882,1891,8354,279,10148,70201,461,35,031
"Otero County, New Mexico",67490,38.9,39371,21037,15013,2420,52701,2738,26034,57631,3294,35,035
"Sandoval County, New Mexico",146748,40.8,71997,32560,13719,3549,106514,4104,58613,134875,5487,35,043
"San Juan County, New Mexico",123958,36.7,44321,21626,25951,3266,64549,1348,25534,121406,937,35,045
"Santa Fe County, New Mexico",150358,47.3,61298,38172,19220,3354,124279,1607,76529,129648,8028,35,049
"Valencia County, New Mexico",76688,38.7,60601,27340,14493,2211,65270,3165,46873,71729,2985,35,061
"Albany County, New York",305506,38.0,69953,38494,34490,6535,228731,34706,19102,272238,17434,36,001
"Bronx County, New York",1418207,34.8,41432,22647,364026,59624,321736,542543,799580,825737,244403,36,005
"Broome County, New York",190488,40.0,52010,28689,34003,3295,161716,9147,8476,176107,6899,36,007
"Cattaraugus County, New York",76117,42.5,50912,28370,10710,1306,69772,1159,1635,74328,976,36,009
"Cayuga County, New York",76576,44.0,58665,32099,10522,1063,69910,2757,2401,74344,1068,36,011
"Chautauqua County, New York",126903,43.1,50272,28735,19951,2739,116198,2959,9864,121259,1326,36,013
"Chemung County, New York",83456,42.4,60782,29639,11028,2773,73854,4716,2700,80219,1565,36,015
"Clinton County, New York",80485,40.6,60198,32638,11972,1146,73558,3007,2402,76152,1431,36,019
"Dutchess County, New York",294218,42.8,85901,43220,23040,4993,226823,33517,37960,254971,20589,36,027
"Erie County, New York",918702,40.3,60652,34649,118605,16721,709543,125408,52969,837560,35626,36,029
"Jefferson County, New York",109834,32.9,53917,26701,15924,2411,95631,6380,8562,102268,3238,36,045
"Kings County, New York",2559903,35.6,66937,37352,446938,59049,1115915,820016,483678,1573195,568550,36,047
"Livingston County, New York",62914,41.4,59173,29902,8741,726,57695,1405,2451,60489,840,36,051
"Madison County, New York",70941,43.1,62918,33946,5387,782,66809,1482,1242,68156,1256,36,053
"Monroe County, New York",741770,39.2,62103,35797,91118,17509,560867,114292,68088,650441,42660,36,055
"Nassau County, New York",1356924,41.9,118453,53405,71563,24402,913426,159981,237226,1020240,220329,36,059
"New York County, New York",1628706,37.6,93651,82720,221821,40976,922746,233945,416758,1120404,249189,36,061
"Niagara County, New York",209281,43.0,56304,32434,25529,4745,180375,13563,6970,199010,5114,36,063
"Oneida County, New York",228671,41.1,57391,31008,31273,5020,192723,13605,14083,203915,11112,36,065
"Onondaga County, New York",460528,39.4,61577,34439,62230,9101,361908,53491,23802,417915,19124,36,067
"Ontario County, New York",109777,43.8,66568,39492,8177,1346,101621,3271,5614,103448,1629,36,069
"Orange County, New York",384940,36.9,84458,36641,47100,5718,289443,44427,83002,331465,28612,36,071
"Oswego County, New York",117124,40.1,58459,30174,18224,2716,111452,1145,3219,114367,1601,36,075
"Putnam County, New York",98320,44.1,106204,48664,3997,1568,84960,3352,16126,82183,8720,36,079
"Queens County, New York",2253858,39.7,73696,34377,240301,54950,821416,415664,634934,1128481,627319,36,081
"Rensselaer County, New York",158714,39.7,71574,35487,18313,3945,135363,11430,8259,145332,4461,36,083
"Richmond County, New York",476143,40.0,89821,39743,38942,9464,349964,47951,88638,352389,75932,36,085
"Rockland County, New York",325789,35.9,100916,41490,40758,8407,225965,39418,59936,243362,41613,36,087
"St. Lawrence County, New York",107740,40.1,52108,27195,19210,3144,99891,2443,2594,103173,2246,36,089
"Saratoga County, New York",229863,43.2,89932,43468,12180,2496,213426,3698,7771,213537,7705,36,091
"Schenectady County, New York",155299,39.2,65773,35390,18716,4214,115066,17187,11540,134035,13239,36,093
"Steuben County, New York",95379,43.3,52951,29849,14828,2551,89739,2274,1626,91829,1174,36,101
"Suffolk County, New York",1476601,41.8,106228,48381,94104,25159,1177731,112956,298429,1222688,138412,36,103
"Sullivan County, New York",75432,45.1,60137,30957,11668,2669,57574,4904,12656,66673,3940,36,105
"Tompkins County, New York",102180,31.3,58626,37576,15985,1563,80958,3425,5519,87153,6298,36,109
"Ulster County, New York",177573,44.3,64087,35743,20215,2852,150453,11119,18838,161860,7274,36,111
"Warren County, New York",63944,48.1,64985,38182,6104,842,60642,1025,1803,61470,1090,36,113
"Wayne County, New York",89918,44.3,61730,33540,11180,1572,82992,1950,4220,85639,2813,36,117
"Westchester County, New York",967506,41.0,101908,60213,77022,24046,610441,150193,247169,699169,151900,36,119
"Alamance County, North Carolina",169509,38.5,58490,28330,25249,3009,117967,34307,22130,154092,5682,37,001
"Brunswick County, North Carolina",142820,56.1,63668,37665,13326,3123,122295,10666,7042,136999,3163,37,019
"Buncombe County, North Carolina",261191,42.0,54970,32870,30942,2565,230830,16828,17870,238424,7718,37,021
"Burke County, North Carolina",90485,46.2,47361,25708,18560,1460,74458,3619,5855,83051,2703,37,023
"Cabarrus County, North Carolina",216453,37.1,72333,32455,15760,3936,148373,40511,24034,193141,11691,37,025
"Caldwell County, North Carolina",82178,45.5,48737,25046,8096,2097,72726,4603,4854,79330,822,37,027
"Carteret County, North Carolina",69473,50.0,60186,34807,6080,1285,62595,3431,3067,66416,1247,37,031
"Catawba County, North Carolina",159551,41.3,52436,29126,23316,3422,126059,14154,16175,147131,4917,37,035
"Chatham County, North Carolina",74470,46.7,66857,40896,6139,388,57614,7830,9026,64703,2563,37,037
"Cleveland County, North Carolina",97947,40.6,44987,23519,20421,3765,73238,20406,3690,94941,1728,37,045
"Craven County, North Carolina",102139,37.6,52832,30356,13303,2708,73100,22314,7770,94487,2765,37,049
"Cumberland County, North Carolina",335509,31.5,46292,25328,57598,9615,164571,123893,40572,299230,12924,37,051
"Davidson County, North Carolina",167609,44.4,53473,26874,28959,2383,144346,17508,12451,157135,3464,37,057
"Durham County, North Carolina",321488,35.7,65317,36195,43336,5780,171593,114381,43927,266174,20999,37,063
"Forsyth County, North Carolina",382295,38.4,52017,29745,57555,10262,252469,100923,50828,348114,12572,37,067
"Franklin County, North Carolina",69685,40.8,57099,28142,6025,2897,47610,16363,6253,63730,1774,37,069
"Gaston County, North Carolina",224529,40.0,56595,28823,24322,6683,171404,38825,17015,210752,5135,37,071
"Guilford County, North Carolina",537174,37.7,55328,31043,84782,13888,288313,184002,45192,467746,32091,37,081
"Harnett County, North Carolina",135976,34.8,55753,23689,22415,4516,90982,30201,18177,125500,2715,37,085
"Henderson County, North Carolina",117417,47.5,62131,33414,12220,1131,107103,4223,12137,109129,3319,37,089
"Iredell County, North Carolina",181806,41.0,68660,34910,13414,3498,143949,20825,14603,168577,4666,37,097
"Johnston County, North Carolina",209339,38.9,60951,30026,28284,4307,158143,34923,29475,188264,4725,37,101
"Lincoln County, North Carolina",86111,44.0,71514,36057,6309,2074,78483,5379,6480,82161,2584,37,109
"Mecklenburg County, North Carolina",1110356,35.4,69072,41023,111183,22954,579664,352014,152925,920666,66484,37,119
"Moore County, North Carolina",100880,43.4,62469,35094,11707,1183,81646,12124,7156,94538,2073,37,125
"Nash County, North Carolina",94298,41.8,50656,28598,15557,4890,46857,38764,6940,89920,2126,37,127
"New Hanover County, North Carolina",234473,40.1,56382,35977,29539,4057,189556,29299,13610,219965,5919,37,129
"Onslow County, North Carolina",197938,26.9,49544,24404,19741,4397,149113,28855,25521,186537,5066,37,133
"Orange County, North Carolina",148476,35.1,74299,42245,19200,1966,114580,16943,12815,126328,8860,37,135
"Pitt County, North Carolina",180742,33.4,53401,28878,33998,5415,100199,61537,11730,168657,4450,37,147
"Randolph County, North Carolina",143667,41.6,49742,23596,20914,3023,122978,8140,17224,134837,1969,37,151
"Robeson County, North Carolina",130625,37.0,35035,18836,40606,3033,35102,30428,12048,123782,1535,37,155
"Rockingham County, North Carolina",91010,45.3,43230,23033,18176,2859,,,5760,88390,551,37,157
"Rowan County, North Carolina",142088,40.7,51927,26136,18843,3822,108730,23034,13400,132273,1935,37,159
"Rutherford County, North Carolina",67029,46.5,44361,25940,13390,1227,58284,6660,3225,63981,1316,37,161
"Surry County, North Carolina",71783,44.3,49250,26429,11802,1604,65624,1731,7963,67519,709,37,171
"Union County, North Carolina",239859,38.7,85985,37851,16466,4279,190315,28137,27515,211565,12718,37,179
"Wake County, North Carolina",1111761,36.8,84215,42883,86713,23382,718463,230927,115531,937738,66653,37,183
"Wayne County, North Carolina",123131,37.7,44596,24480,23488,2176,78388,38998,15327,112570,2233,37,191
"Wilkes County, North Carolina",68412,45.2,43290,25146,10007,1490,,,4728,65367,1631,37,193
"Wilson County, North Carolina",81801,40.4,38830,24201,18988,3429,40482,32970,8820,76497,1360,37,195
"Burleigh County, North Dakota",95626,37.5,72494,39104,5658,2474,85293,1789,2634,91516,1835,38,015
"Cass County, North Dakota",181923,33.4,62218,37391,22453,2450,157035,11269,5135,167236,4210,38,017
"Grand Forks County, North Dakota",69451,30.0,56622,33034,10249,1267,59697,1695,3248,65786,885,38,035
"Ward County, North Dakota",67641,31.8,71415,37530,5703,411,57964,2381,4299,62773,916,38,101
"Allen County, Ohio",102351,38.7,60429,27215,11716,2129,84244,11407,3421,100999,472,39,003
"Ashtabula County, Ohio",97241,42.3,44580,27416,20299,1956,,,4317,94753,1191,39,007
"Athens County, Ohio",65327,30.5,41851,23375,15275,2499,59787,1879,1265,62245,592,39,009
"Belmont County, Ohio",67006,43.7,49780,27609,6421,1228,62343,2958,604,65646,1043,39,013
"Butler County, Ohio",383134,37.1,68584,33489,44538,8182,320086,34039,19113,354662,11344,39,017
"Clark County, Ohio",134083,41.2,50128,27212,19119,3805,116299,12025,4851,131180,1237,39,023
"Clermont County, Ohio",206428,40.5,67744,36683,16131,3498,196209,1967,4273,201609,2196,39,025
"Columbiana County, Ohio",101883,45.4,53542,25968,12179,2718,,,1937,100297,1168,39,029
"Cuyahoga County, Ohio",1235072,40.4,52423,33833,194530,44063,766146,366313,77343,1107512,58804,39,035
"Delaware County, Ohio",209177,39.1,107854,48673,12602,3743,178784,7420,5860,191268,8130,39,041
"Erie County, Ohio",74266,45.1,60653,33393,8712,1580,63795,6974,3368,72545,821,39,043
"Fairfield County, Ohio",157574,39.6,71469,34030,12491,2067,135028,13159,3741,149980,4926,39,045
"Franklin County, Ohio",1316756,34.3,64713,35977,172331,29980,858933,304051,76123,1147768,72814,39,049
"Geauga County, Ohio",93649,44.3,77391,39592,4529,952,,,1537,90241,1596,39,055
"Greene County, Ohio",168937,37.6,67394,36089,16519,4343,144690,10956,5002,159029,3743,39,057
"Hamilton County, Ohio",817473,36.7,60198,38052,116008,20948,550516,209849,29074,762970,22221,39,061
"Hancock County, Ohio",75783,39.9,60944,36635,7354,1202,69846,1228,4358,73099,499,39,063
"Jefferson County, Ohio",65325,45.3,47445,25958,10894,1352,59374,3564,1073,64346,505,39,081
"Lake County, Ohio",230149,43.5,64076,33777,19493,5246,209083,10865,10788,216425,7781,39,085
"Licking County, Ohio",176862,40.6,66013,34173,15909,2301,160352,7418,3674,169647,4831,39,089
"Lorain County, Ohio",309833,42.1,58686,31580,43023,6091,264445,23270,32184,294981,4526,39,093
"Lucas County, Ohio",428348,38.0,49448,29871,76103,14900,309082,81931,31604,411748,8199,39,095
"Mahoning County, Ohio",228683,43.4,47170,28098,40949,7448,182121,34322,14772,217579,3526,39,099
"Marion County, Ohio",65093,42.4,50608,29028,8782,1543,58096,2806,1853,63294,1319,39,101
"Medina County, Ohio",179746,42.8,76468,38974,8785,2497,170806,3230,4135,173501,3648,39,103
"Miami County, Ohio",106987,40.8,62451,32130,9895,2755,99953,3014,2001,103924,1562,39,109
"Montgomery County, Ohio",531687,39.0,54537,31084,79388,14876,380692,104945,17328,502988,12103,39,113
"Muskingum County, Ohio",86215,42.0,51844,25844,13145,2074,,,417,,,39,119
"Portage County, Ohio",162466,38.1,56679,29177,19305,3780,147235,7948,3186,155877,2037,39,133
"Richland County, Ohio",121154,41.5,51783,26583,14874,1923,105042,10742,2491,119469,1099,39,139
"Ross County, Ohio",76666,40.5,55717,26935,10819,2235,,,1061,75677,469,39,141
"Scioto County, Ohio",75314,40.2,45571,23299,16623,2169,,,1049,,,39,145
"Stark County, Ohio",370606,42.6,55499,30101,47403,6735,323692,29231,8252,362914,4496,39,151
"Summit County, Ohio",541013,41.2,57364,35608,76061,15695,420358,80544,12421,508082,15148,39,153
"Trumbull County, Ohio",197974,44.6,47087,27650,30488,3297,175107,16456,3830,194284,2074,39,155
"Tuscarawas County, Ohio",91987,41.6,53616,27251,10551,2500,,,2938,89436,980,39,157
"Warren County, Ohio",234602,39.4,90837,45265,8986,3282,202976,9985,6835,216056,9376,39,165
"Wayne County, Ohio",115710,38.8,57458,27480,10882,1340,108729,1401,2381,112716,777,39,169
"Wood County, Ohio",130817,34.7,63791,33596,14573,2737,120119,2770,7472,126006,1837,39,173
"Canadian County, Oklahoma",148306,35.8,73635,30812,12658,2326,121126,5662,14511,140348,4322,40,017
"Cleveland County, Oklahoma",284014,34.5,64290,32919,32536,6164,221304,13726,26249,260548,10665,40,027
"Comanche County, Oklahoma",120749,32.9,51300,26042,19435,3280,75751,19184,16318,110392,3861,40,031
"Creek County, Oklahoma",71522,40.9,54969,28102,9409,967,56397,1572,3292,70572,229,40,037
"Muskogee County, Oklahoma",67997,38.3,42450,24723,15355,1633,39099,7180,4472,65670,926,40,101
"Oklahoma County, Oklahoma",797434,35.0,56235,32906,116472,16795,551112,119946,142911,705591,30878,40,109
"Payne County, Oklahoma",81784,28.5,41272,22405,18948,1233,64818,2970,3942,74043,2173,40,119
"Pottawatomie County, Oklahoma",72592,38.5,53511,26207,9802,1783,55249,2526,3901,71444,306,40,125
"Rogers County, Oklahoma",92459,39.7,66132,32205,10428,1472,68959,810,4655,88951,1350,40,131
"Tulsa County, Oklahoma",651552,36.0,57483,33916,91962,16562,457630,64765,86586,584215,25396,40,143
"Wagoner County, Oklahoma",81289,38.9,64319,32118,5908,2157,60363,2959,5466,77771,1752,40,145
"Benton County, Oregon",93053,34.4,70835,35237,15662,1617,77333,1267,7252,83515,2252,41,003
"Clackamas County, Oregon",418187,41.6,80294,41866,29192,11275,361016,4870,37679,376967,23702,41,005
"Deschutes County, Oregon",197692,44.0,71643,37159,19054,6074,182152,1355,16324,185485,5799,41,017
"Douglas County, Oregon",110980,47.5,48585,26360,11363,3245,102711,370,6732,107164,1945,41,019
"Jackson County, Oregon",220944,43.7,56450,30258,30400,5365,201990,1934,29728,206129,7051,41,029
"Josephine County, Oregon",87487,46.7,47573,25958,13333,3535,81112,721,6720,83279,1974,41,033
"Klamath County, Oregon",68238,41.3,56348,28978,11110,1867,59088,365,9397,64902,1601,41,035
"Lane County, Oregon",382067,39.5,57325,32333,52629,12533,328130,4883,35623,356948,8243,41,039
"Linn County, Oregon",129749,41.0,61488,29151,16930,2172,115156,749,12354,123074,2588,41,043
"Marion County, Oregon",347818,37.0,64306,28064,40123,10752,278522,2320,94705,302051,14701,41,047
"Multnomah County, Oregon",812855,37.6,72900,42438,97044,20085,628153,42675,97667,686808,58638,41,051
"Polk County, Oregon",86085,37.8,72914,33108,6159,1858,74922,72,12472,80459,2352,41,053
"Umatilla County, Oregon",77950,36.5,60425,26383,10639,1986,65416,336,21511,70035,3166,41,059
"Washington County, Oregon",601592,37.0,85734,41814,49741,12511,449521,12143,102830,485942,51351,41,067
"Yamhill County, Oregon",107100,37.7,72904,31706,11592,1979,92115,951,17378,96721,2542,41,071
"Adams County, Pennsylvania",103009,44.3,67715,32927,7066,974,95929,2044,7511,97863,2345,42,001
"Allegheny County, Pennsylvania",1216045,40.5,64871,41585,128231,27535,965716,157352,27552,1128157,37091,42,003
"Armstrong County, Pennsylvania",64735,47.3,57636,30556,6206,950,,,247,63814,130,42,005
"Beaver County, Pennsylvania",163929,45.3,60672,33121,19433,3618,147858,10081,2924,159768,2121,42,007
"Berks County, Pennsylvania",421164,39.9,67708,32252,41338,10401,338473,26533,94556,362528,19961,42,011
"Blair County, Pennsylvania",121829,43.1,51004,29796,18530,2284,,,1631,120265,463,42,013
"Bucks County, Pennsylvania",628270,44.0,93767,46940,34158,13241,544515,26526,35659,553547,43812,42,017
"Butler County, Pennsylvania",187853,43.8,72262,39963,13687,3362,180218,1863,3025,183258,2711,42,019
"Cambria County, Pennsylvania",130192,46.3,49076,27773,18927,2299,121803,5575,2297,128703,492,42,021
"Carbon County, Pennsylvania",64182,47.6,61111,33959,5152,1729,60043,1558,3402,61768,1293,42,025
"Centre County, Pennsylvania",162385,33.4,60706,31470,23510,2686,142448,5975,4911,146139,4476,42,027
"Chester County, Pennsylvania",524989,40.4,102016,54791,29862,9867,431961,30393,40046,469693,22700,42,029
"Clearfield County, Pennsylvania",79255,45.7,45643,24155,9668,1532,74153,3057,1752,77738,288,42,033
"Columbia County, Pennsylvania",64964,41.5,54570,29249,9729,749,61974,771,1936,62567,1842,42,037
"Crawford County, Pennsylvania",84629,43.9,49428,26318,9236,1478,80721,1459,1195,82996,830,42,039
"Cumberland County, Pennsylvania",253370,41.3,75391,39477,15990,3411,220155,11378,10996,235710,8843,42,041
"Dauphin County, Pennsylvania",278299,39.6,60733,33615,31206,4873,192332,54302,27556,245919,10918,42,043
"Delaware County, Pennsylvania",566747,39.0,77339,42089,54217,15249,383843,125741,23290,498887,34920,42,045
"Erie County, Pennsylvania",269728,40.2,51818,28502,44656,6295,231216,18121,11903,255825,4827,42,049
"Fayette County, Pennsylvania",129274,45.4,48509,28732,22287,5064,118980,5222,1683,126120,933,42,051
"Franklin County, Pennsylvania",155027,41.8,62484,31022,10340,1947,140780,6252,9453,145910,3552,42,055
"Indiana County, Pennsylvania",84073,40.0,51914,27281,10227,1211,79268,2480,794,82974,489,42,063
"Lackawanna County, Pennsylvania",209674,42.0,53826,30662,29831,4056,188220,7329,17602,195018,5780,42,069
"Lancaster County, Pennsylvania",545724,38.5,67376,33658,59060,8045,475780,23358,59832,501612,17491,42,071
"Lawrence County, Pennsylvania",85512,45.2,50547,29689,9647,2608,,,1377,83199,959,42,073
"Lebanon County, Pennsylvania",141793,41.4,61204,29629,15889,1554,121918,3037,20058,128215,3705,42,075
"Lehigh County, Pennsylvania",369318,39.0,65667,33125,42543,9001,298131,31897,96919,298546,24895,42,077
"Luzerne County, Pennsylvania",317417,42.5,53972,29151,47857,7782,266628,22899,43740,290210,11136,42,079
"Lycoming County, Pennsylvania",113299,42.1,53881,29134,14896,2116,104295,6032,2436,110715,750,42,081
"Mercer County, Pennsylvania",109424,45.5,54543,28743,12802,2496,99721,6412,1759,107572,1172,42,085
"Monroe County, Pennsylvania",170271,43.1,62413,31155,21751,2901,132835,24687,28866,150037,10805,42,089
"Montgomery County, Pennsylvania",830915,41.1,92302,49822,48791,15966,654804,79874,45162,734818,55830,42,091
"Northampton County, Pennsylvania",305285,41.9,74328,35996,21556,6762,254300,18289,43201,272039,15336,42,095
"Northumberland County, Pennsylvania",90843,44.1,47349,25677,11316,2043,86161,2759,3580,87490,522,42,097
"Philadelphia County, Pennsylvania",1584064,34.7,47474,29766,359011,64780,617726,657343,241425,1296822,115169,42,101
"Schuylkill County, Pennsylvania",141359,44.7,56295,28227,15406,3181,133171,4857,7348,135307,1937,42,107
"Somerset County, Pennsylvania",73447,46.4,48895,26159,8075,929,69857,1568,1148,72382,456,42,111
"Washington County, Pennsylvania",206865,44.3,65431,37292,19836,5127,192989,6473,3757,201920,2122,42,125
"Westmoreland County, Pennsylvania",348899,47.0,59073,34629,36445,7026,329199,7969,4484,342834,3195,42,129
"York County, Pennsylvania",449058,41.0,69172,33979,41394,8596,391737,25356,36265,415499,9926,42,133
"Kent County, Rhode Island",164292,44.6,74474,39934,11886,2779,146603,4038,9295,150139,7738,44,003
"Newport County, Rhode Island",82082,45.8,81652,51729,5878,1638,73665,2415,4886,74001,2927,44,005
"Providence County, Rhode Island",638931,37.4,62994,32399,82273,14701,451856,70002,152606,500206,62064,44,007
"Washington County, Rhode Island",125577,46.5,90003,44899,8334,4023,116554,1377,4281,117061,4734,44,009
"Aiken County, South Carolina",170872,40.1,55634,29010,18942,5378,120057,45514,10087,161887,2752,45,003
"Anderson County, South Carolina",202558,40.5,54322,29116,25519,5005,160961,29851,8080,192024,3005,45,007
"Beaufort County, South Carolina",192122,47.2,74127,43759,19245,2909,140697,32583,21319,172775,7615,45,013
"Berkeley County, South Carolina",227907,36.3,69398,32587,23969,5399,147216,54804,15903,209909,6021,45,015
"Charleston County, South Carolina",411406,38.4,71531,43935,44771,6123,276787,102968,21772,377013,10177,45,019
"Darlington County, South Carolina",66618,41.8,44606,24262,11712,1503,,,1454,,,45,031
"Dorchester County, South Carolina",162809,37.5,68200,30825,14608,2316,109288,38509,9395,147844,3903,45,035
"Florence County, South Carolina",138293,40.0,50082,26691,22078,2475,73122,60727,3889,133303,1494,45,041
"Greenville County, South Carolina",523542,38.2,64412,35264,54283,9880,379349,89741,49792,467536,20531,45,045
"Greenwood County, South Carolina",70811,39.9,42148,24534,13121,1097,,,4382,68709,1131,45,047
"Horry County, South Carolina",354081,47.6,53694,29879,44405,9072,288077,44829,21591,326541,7021,45,051
"Kershaw County, South Carolina",66551,40.3,55198,28439,9448,1535,,,1337,64516,398,45,055
"Lancaster County, South Carolina",98012,42.0,63924,31192,11665,3020,,,5735,90407,3292,45,057
"Laurens County, South Carolina",67493,40.4,47218,27096,13632,1461,46670,14814,3579,63313,740,45,059
"Lexington County, South Carolina",298750,39.4,61631,33658,37176,5663,234519,44299,18794,279352,6150,45,063
"Oconee County, South Carolina",79546,46.9,48204,30668,10778,1539,69379,5323,4630,76527,970,45,073
"Orangeburg County, South Carolina",86175,41.2,37701,20726,22935,3901,,,2040,,,45,075
"Pickens County, South Carolina",126884,36.3,52190,25719,18562,3212,110768,9462,5000,120470,2525,45,077
"Richland County, South Carolina",415759,33.8,52293,30232,63658,12208,182477,199181,22230,379688,13335,45,079
"Spartanburg County, South Carolina",319785,38.5,55339,27969,39852,7859,233071,65752,23303,295547,12280,45,083
"Sumter County, South Carolina",106721,37.4,51025,24747,18165,3335,49388,49975,4470,101815,1890,45,085
"York County, South Carolina",280979,38.6,66949,36704,22663,5931,207964,53790,16642,260554,8759,45,091
"Minnehaha County, South Dakota",193134,35.9,61968,34167,15711,2466,166942,12057,9936,176012,8046,46,099
"Pennington County, South Dakota",113775,40.3,58085,32013,13231,2528,95247,2071,6125,109823,1609,46,103
"Anderson County, Tennessee",76978,44.4,49044,26823,12601,2997,69711,3315,2435,73106,1532,47,001
"Blount County, Tennessee",133088,44.2,59276,30274,13392,2459,124866,3879,4815,127661,1740,47,009
"Bradley County, Tennessee",108110,39.4,52468,25683,16257,2759,94926,6983,7168,101819,2035,47,011
"Davidson County, Tennessee",694144,34.5,63938,39905,83113,15822,439010,185846,72218,592868,35252,47,037
"Greene County, Tennessee",69069,45.0,44722,25574,10895,765,,,2099,67339,578,47,059
"Hamilton County, Tennessee",367804,39.6,57502,34006,45006,10125,274851,67998,22191,341413,9625,47,065
"Knox County, Tennessee",470313,37.7,60283,34475,61971,7616,402137,38615,21464,442243,11999,47,093
"Madison County, Tennessee",97984,39.3,49820,25203,17211,2553,54678,36415,3991,94810,1204,47,113
"Maury County, Tennessee",96387,39.0,66781,31107,6294,1016,,,6003,92905,1692,47,119
"Montgomery County, Tennessee",208993,31.5,56948,27290,26169,5024,143019,42405,21412,187878,7205,47,125
"Putnam County, Tennessee",80245,37.9,49282,25487,13094,1819,74631,2007,5236,75794,1548,47,141
"Robertson County, Tennessee",71813,39.2,66939,30898,7832,865,61655,5412,5332,67952,858,47,147
"Rutherford County, Tennessee",332285,34.1,69397,30672,35767,5699,250555,50241,28850,297165,11839,47,149
"Sevier County, Tennessee",98250,43.5,57741,28419,13154,1675,92589,1884,6335,92341,1096,47,155
"Shelby County, Tennessee",937166,35.9,52614,31515,154922,29014,365798,504715,62125,872029,26013,47,157
"Sullivan County, Tennessee",158348,45.5,51860,30374,23591,4351,149208,3241,3220,154094,1778,47,163
"Sumner County, Tennessee",191283,40.3,68743,35474,16135,2195,163488,15485,10147,179239,5665,47,165
"Washington County, Tennessee",129375,40.5,51428,31913,20697,3206,118437,5193,4686,123797,2658,47,179
"Williamson County, Tennessee",238412,39.8,115507,55395,10631,1722,210037,8940,11724,214855,12020,47,187
"Wilson County, Tennessee",144657,39.8,80071,36907,10987,3174,124756,9670,6720,135413,4437,47,189
"Angelina County, Texas",86715,37.2,53320,23991,12069,1225,,,19700,79410,2082,48,005
"Bastrop County, Texas",88723,36.9,57938,27097,17026,1925,57372,5334,35189,74840,4452,48,021
"Bell County, Texas",362924,31.5,54560,27604,50315,13328,225437,91889,92760,314150,14730,48,027
"Bexar County, Texas",2003554,34.1,58964,28338,300115,45878,1552899,155244,1215788,1686011,108858,48,029
"Bowie County, Texas",93245,38.3,51802,27570,14042,1159,64552,22743,7313,89959,1454,48,037
"Brazoria County, Texas",374264,36.6,84904,37163,26661,4956,272750,55573,118152,322237,23249,48,039
"Brazos County, Texas",229211,26.9,55121,28906,44273,3926,180721,25253,60074,197509,9738,48,041
"Cameron County, Texas",423163,31.9,41123,18431,107983,7836,396658,3910,380862,320723,37213,48,061
"Collin County, Texas",1034730,37.3,96134,44236,64958,22882,701667,106861,160636,789229,108628,48,085
"Comal County, Texas",156209,42.4,89315,41884,8692,2007,143192,4951,43823,144002,5608,48,091
"Coryell County, Texas",75951,32.8,53504,23273,6385,1466,56184,9863,14349,66506,2817,48,099
"Dallas County, Texas",2635516,33.7,61796,33928,363498,61594,1580364,596492,1074195,1928391,192849,48,113
"Denton County, Texas",887207,36.0,90523,43172,56763,15038,656088,89107,173905,730249,67990,48,121
"Ector County, Texas",166223,31.0,67205,28582,17017,1973,130632,10143,103987,136453,8884,48,135
"Ellis County, Texas",184826,36.6,78797,32967,16146,4410,149989,20038,49705,169440,4756,48,139
"El Paso County, Texas",839238,32.6,48903,21940,154535,21755,674496,29118,696115,632993,97478,48,141
"Fort Bend County, Texas",811688,36.8,101293,40938,51013,16103,412802,164866,202492,568565,136065,48,157
"Galveston County, Texas",342139,38.2,74977,36756,36764,8426,271933,42827,86852,296897,17124,48,167
"Grayson County, Texas",136212,40.2,57476,28576,14885,3051,118372,8407,19370,125327,3905,48,181
"Gregg County, Texas",123945,36.3,53793,28451,21248,2022,91844,22820,23824,111492,4155,48,183
"Guadalupe County, Texas",166847,37.6,79768,32290,9090,3462,137989,14668,64251,151698,6288,48,187
"Harris County, Texas",4713325,33.9,61618,33330,704885,126335,2895713,901998,2061019,3401762,491005,48,201
"Harrison County, Texas",66553,39.5,58817,30490,14206,1968,49759,11930,9078,62891,1383,48,203
"Hays County, Texas",230191,32.6,72058,33388,28078,4129,204010,9776,92274,205744,6335,48,209
"Henderson County, Texas",82737,44.4,51521,27904,15001,2092,74570,3910,11218,78290,1047,48,213
"Hidalgo County, Texas",868707,29.6,41800,17542,234015,23203,737925,5029,803455,627097,69823,48,215
"Hunt County, Texas",98594,38.5,58063,26293,15108,1345,80915,7805,17383,91430,2641,48,231
"Jefferson County, Texas",251565,37.1,55797,27915,38807,3444,147563,84307,55576,218327,11888,48,245
"Johnson County, Texas",175817,37.0,66319,28334,20881,2189,157804,8127,39763,165674,4167,48,251
"Kaufman County, Texas",136154,35.1,75775,28680,14126,2894,107948,19213,31662,123635,4484,48,257
"Liberty County, Texas",88219,35.1,50049,23096,11098,1591,,,25209,78776,2598,48,291
"Lubbock County, Texas",310569,31.0,55003,28774,55185,4255,251138,21485,112706,287069,6150,48,303
"McLennan County, Texas",256623,33.9,50845,25654,46098,3309,204884,35197,69247,233493,6434,48,309
"Midland County, Texas",176832,32.4,82558,37197,18772,2315,125450,11443,81342,148152,10992,48,329
"Montgomery County, Texas",607391,37.7,88695,42247,54763,10426,525854,31579,152837,507978,29403,48,339
"Nacogdoches County, Texas",65204,31.5,47572,24475,12721,2232,50606,12592,13046,59319,2087,48,347
"Nueces County, Texas",362294,35.9,56789,27306,57130,9490,325539,14365,233647,324609,13709,48,355
"Orange County, Texas",83396,37.7,69052,33006,9229,1058,,,7074,80695,1019,48,361
"Parker County, Texas",142878,40.1,83262,33196,11786,2685,133000,1587,18606,132747,3083,48,367
"Potter County, Texas",117415,34.0,37297,20226,23315,1694,91183,12496,45866,98718,4029,48,375
"Randall County, Texas",137713,36.6,70651,34952,12684,2419,121664,4259,31772,129091,2890,48,381
"Rockwall County, Texas",104915,37.6,103378,46791,4693,2112,87030,7616,19542,94524,5678,48,397
"San Patricio County, Texas",66730,36.7,57899,27178,8290,841,60698,1728,39028,63924,1041,48,409
"Smith County, Texas",232751,36.6,59584,29053,28150,5241,178470,41309,46746,209665,5898,48,423
"Tarrant County, Texas",2102515,34.8,70139,34122,210667,47953,1378142,359898,619710,1726749,148916,48,439
"Taylor County, Texas",138034,32.9,55351,27967,18476,1079,112157,12413,34472,127145,3966,48,441
"Tom Green County, Texas",119200,34.9,55988,29142,13736,1433,105763,4847,48534,109667,3145,48,451
"Travis County, Texas",1273954,34.8,80726,46691,136100,25374,920247,104062,428571,1019064,81698,48,453
"Victoria County, Texas",92084,36.6,57358,27846,13142,1795,81305,6006,44052,86685,2321,48,469
"Walker County, Texas",72971,36.7,47170,20425,11476,699,,,13197,65986,630,48,471
"Webb County, Texas",276652,29.3,56084,20222,56108,5497,266003,1327,263899,204949,21013,48,479
"Wichita County, Texas",132230,34.8,51749,26065,15358,2759,107513,12728,26220,122919,3305,48,485
"Williamson County, Texas",590551,36.9,92179,38611,32386,16024,469151,40399,146602,497941,37126,48,491
"Wise County, Texas",69984,38.8,71421,32139,3662,746,,,13965,63196,1213,48,497
"Cache County, Utah",128289,26.0,62507,24408,19159,1475,118029,857,14022,118100,3312,49,005
"Davis County, Utah",355481,31.7,87427,33148,18631,3955,323178,4376,36117,332624,10215,49,011
"Salt Lake County, Utah",1160437,33.3,80119,34907,102587,22244,929287,23313,218243,997177,62114,49,035
"Tooele County, Utah",72259,31.6,80973,27027,2058,1615,,,9355,69253,1356,49,045
"Utah County, Utah",636235,25.2,79545,28589,61565,11213,581543,3029,77455,581348,22012,49,049
"Washington County, Utah",177556,38.1,63595,32087,17147,1633,163341,1498,19318,165608,4275,49,053
"Weber County, Utah",260213,33.1,72206,30780,14821,3809,236957,3155,48757,239093,9071,49,057
"Chittenden County, Vermont",163774,36.9,76806,41136,18185,4146,147125,5183,4028,147056,6786,50,007
"Albemarle County, Virginia",109330,39.7,86399,49352,6350,1547,89592,9954,6312,95949,5469,51,003
"Arlington County, Virginia",236842,35.0,119755,74537,20084,3360,170938,22564,36951,178911,26423,51,013
"Augusta County, Virginia",75558,45.9,62668,30228,3949,1148,,,2374,72549,470,51,015
"Bedford County, Virginia",78997,46.2,69125,36405,6572,1581,,,1870,76410,1000,51,019
"Chesterfield County, Virginia",352802,38.9,81297,37810,22942,8326,225745,82677,33383,314022,15273,51,041
"Fairfax County, Virginia",1147532,38.4,128374,57492,68141,21629,685971,116562,189515,756632,205380,51,059
"Fauquier County, Virginia",71222,40.2,104809,46149,4612,947,61685,5547,6522,65489,1880,51,061
"Frederick County, Virginia",89313,41.5,86229,35457,5137,1281,80873,4268,8325,81946,2142,51,069
"Hanover County, Virginia",107766,42.0,89812,41578,5219,1693,91174,10749,3347,102846,1843,51,085
"Henrico County, Virginia",330818,39.1,68024,40222,29123,6069,180176,102393,19734,281352,20231,51,087
"James City County, Virginia",76523,47.0,91674,45602,3730,2156,61632,10242,4692,68802,3620,51,095
"Loudoun County, Virginia",413538,36.8,151800,58522,12489,6635,260807,33157,57508,301060,65050,51,107
"Montgomery County, Virginia",98535,30.0,60045,29924,20546,1823,84480,4667,3425,89813,3483,51,121
"Prince William County, Virginia",470335,35.6,106861,41988,29203,8528,269954,98650,115173,332543,63381,51,153
"Roanoke County, Virginia",94186,44.1,71715,38309,5685,1430,82723,5983,3114,88332,2932,51,161
"Rockingham County, Virginia",81948,41.6,69423,32317,5709,928,75964,3611,6100,74727,2176,51,165
"Spotsylvania County, Virginia",136215,38.1,91073,38282,8711,4024,94853,22802,14603,121089,5644,51,177
"Stafford County, Virginia",152882,36.7,110446,42822,8820,2661,99699,29199,21673,131140,8800,51,179
"York County, Virginia",68280,41.3,91241,43858,3820,1124,49544,10282,4701,60251,3311,51,199
"Alexandria city, Virginia",159428,37.1,103284,68439,13479,2971,101087,33266,26479,113246,17230,51,510
"Chesapeake city, Virginia",244835,37.8,77847,35914,19091,6124,147098,73569,16239,222175,9812,51,550
"Hampton city, Virginia",134510,35.7,56930,31654,17829,3684,53875,67315,8369,126116,4585,51,650
"Lynchburg city, Virginia",82168,28.2,54850,24539,10718,1610,52367,23704,3705,77471,928,51,680
"Newport News city, Virginia",179225,33.4,53029,29612,25244,5501,86265,74156,16878,157727,8445,51,700
"Norfolk city, Virginia",242742,31.1,53093,29408,39030,6738,114295,100025,20535,220774,9753,51,710
"Portsmouth city, Virginia",94398,36.7,51195,27270,17323,2062,37612,50972,4439,91744,1072,51,740
"Richmond city, Virginia",230436,34.2,51285,36434,41516,7411,102870,104272,16805,209272,5646,51,760
"Roanoke city, Virginia",99143,37.8,45838,27183,20092,2010,60753,30538,6640,92116,3070,51,770
"Suffolk city, Virginia",92108,37.9,80481,37213,7662,2962,46453,38737,4300,87125,1654,51,800
"Virginia Beach city, Virginia",449974,36.6,79054,39269,29839,9763,295353,85176,38235,397126,27942,51,810
"Benton County, Washington",204390,36.1,72084,34707,22932,4000,167823,4709,46210,179367,7968,53,005
"Chelan County, Washington",77200,39.0,59161,32448,11052,1186,56989,1313,21804,65082,4948,53,007
"Clallam County, Washington",77331,51.8,57126,29597,7732,2419,67038,214,5076,71629,2982,53,009
"Clark County, Washington",488241,38.7,80555,37247,44734,11556,410386,10764,49756,425931,28640,53,011
"Cowlitz County, Washington",110593,40.5,55497,30404,13295,1989,98387,660,10325,104399,1581,53,015
"Franklin County, Washington",95222,30.4,61951,24337,15020,2874,67975,1710,51001,70582,6145,53,021
"Grant County, Washington",97733,33.3,56997,24522,14285,3899,67429,180,41236,80683,4216,53,025
"Grays Harbor County, Washington",75061,45.5,61026,31000,7023,1914,65316,1890,7745,70472,1680,53,027
"Island County, Washington",85141,42.8,72066,39005,5412,2510,71109,3134,6969,76880,4179,53,029
"King County, Washington",2252782,36.9,102594,57124,168639,46499,1398899,151745,222642,1657702,253706,53,033
"Kitsap County, Washington",271473,39.5,79624,39068,18090,5175,218361,8171,22377,247534,10485,53,035
"Lewis County, Washington",80707,42.5,58911,29115,9199,2462,71368,406,8500,76049,1643,53,041
"Mason County, Washington",66768,44.9,63983,32591,8386,2269,56698,206,7099,62857,479,53,045
"Pierce County, Washington",904980,36.4,79243,36760,81121,21892,649316,61029,103027,787461,50537,53,053
"Skagit County, Washington",129205,41.6,67175,33941,14978,2666,106748,1297,24050,114471,5088,53,057
"Snohomish County, Washington",822083,38.2,89260,41103,55319,16301,604756,27797,87167,671304,73928,53,061
"Spokane County, Washington",522798,37.8,59974,32526,66260,15960,459016,10859,31835,489797,18213,53,063
"Thurston County, Washington",290536,39.6,78512,37040,26414,8632,235404,11195,27212,257588,15088,53,067
"Whatcom County, Washington",229247,38.9,69372,33503,28926,6080,188188,1914,22489,203402,10501,53,073
"Yakima County, Washington",250873,33.0,56233,24781,41667,7488,189216,2899,125816,198696,15554,53,077
"Berkeley County, West Virginia",119171,38.6,62370,31321,14605,2768,103164,9191,5723,112325,2654,54,003
"Cabell County, West Virginia",91945,39.7,40788,25495,16684,2323,83678,4263,1300,89494,901,54,011
"Harrison County, West Virginia",67256,42.0,54314,29006,5508,1110,63406,567,1166,65928,598,54,033
"Kanawha County, West Virginia",178124,43.3,47759,29608,29843,4305,157599,12070,2083,173844,1404,54,039
"Monongalia County, West Virginia",105612,32.6,55940,33080,22149,2649,94709,4017,2352,99277,1705,54,061
"Raleigh County, West Virginia",73361,43.5,46540,27052,11697,2728,,,1240,72190,520,54,081
"Wood County, West Virginia",83518,43.7,47944,27045,11610,1485,79670,994,406,82170,404,54,107
"Brown County, Wisconsin",264542,37.9,64458,33546,26449,4394,222885,7196,23906,244533,8038,55,009
"Dane County, Wisconsin",546695,35.5,77504,42659,50185,6568,460464,27819,35763,491436,20452,55,025
"Dodge County, Wisconsin",87839,42.9,61300,31237,6192,2004,82571,2659,4435,85153,1086,55,027
"Eau Claire County, Wisconsin",104646,35.3,65662,33434,10136,2283,96121,1936,2781,101076,1626,55,035
"Fond du Lac County, Wisconsin",103403,42.2,65329,33847,6191,1530,95812,1618,5588,100328,869,55,039
"Jefferson County, Wisconsin",84769,41.5,71708,33755,5115,1777,78950,778,6225,81564,1357,55,055
"Kenosha County, Wisconsin",169561,38.1,65997,32164,15544,5654,146989,12730,22816,158775,3938,55,059
"La Crosse County, Wisconsin",118016,36.2,58921,32933,13772,1816,107160,1872,2473,113835,2101,55,063
"Manitowoc County, Wisconsin",78981,45.3,60785,32054,6790,661,73622,1219,3498,75349,1226,55,071
"Marathon County, Wisconsin",135692,41.2,65851,32961,10590,1363,122654,423,4052,128926,3172,55,073
"Milwaukee County, Wisconsin",945726,35.2,53418,30010,153639,19228,556872,248624,147612,836641,34917,55,079
"Outagamie County, Wisconsin",187885,38.1,66234,33043,13477,3077,167807,2875,8571,181690,3310,55,087
"Ozaukee County, Wisconsin",89221,44.3,88154,50360,3969,897,83241,519,2789,82970,2826,55,089
"Portage County, Wisconsin",70772,38.3,56358,33081,8729,1426,65426,873,2401,67651,1028,55,097
"Racine County, Wisconsin",196311,41.1,60779,31741,24604,3538,157426,22830,26754,182650,5291,55,101
"Rock County, Wisconsin",163354,40.3,61243,29985,21405,3896,140116,7537,14936,154855,3285,55,105
"St. Croix County, Wisconsin",90687,38.9,85594,39495,6794,823,87115,713,2377,87969,1316,55,109
"Sheboygan County, Wisconsin",115340,42.0,60706,32928,8991,1392,100581,2336,7715,107549,4411,55,117
"Walworth County, Wisconsin",103868,41.8,63549,35093,9209,1944,97838,1416,11637,98925,1962,55,127
"Washington County, Wisconsin",136034,44.2,80513,39131,6515,3331,128012,2501,4501,132318,2638,55,131
"Waukesha County, Wisconsin",404198,43.2,90548,48270,18860,7274,370945,6660,19853,380762,10452,55,133
"Winnebago County, Wisconsin",171907,37.9,58347,32702,16457,2148,155315,4049,7490,163451,3591,55,139
"Wood County, Wisconsin",72999,44.8,56278,32873,8520,1580,69301,680,2323,71695,673,55,141
"Laramie County, Wyoming",99500,37.6,70567,39791,9469,1454,88060,1845,14842,94950,1178,56,021
"Natrona County, Wyoming",79858,38.7,65034,32934,6685,1097,74769,1024,6969,78045,1234,56,025
"Arecibo Municipio, Puerto Rico",81966,43.9,18977,10914,39886,6116,56637,3369,81121,,,72,013
"Bayam√≥n Municipio, Puerto Rico",169269,43.2,27386,15052,53582,6931,114990,14813,166341,,,72,021
"Caguas Municipio, Puerto Rico",124606,43.1,24507,15347,47851,5092,92104,9819,121751,,,72,025
"Carolina Municipio, Puerto Rico",146984,43.7,27658,17415,50685,8097,83768,25741,145560,,,72,031
"Guaynabo Municipio, Puerto Rico",83728,45.7,37499,25976,19101,3244,,,82424,,,72,061
"Mayag√ºez Municipio, Puerto Rico",71530,42.4,14525,12981,37217,6053,25994,1959,70889,,,72,097
"Ponce Municipio, Puerto Rico",131881,42.3,15130,11893,68627,3998,108065,8321,130227,,,72,113
"San Juan Municipio, Puerto Rico",318441,44.5,23005,19742,124927,25193,183816,41261,309346,,,72,127
"Toa Alta Municipio, Puerto Rico",72025,42.1,28440,15088,22348,1219,,,70269,,,72,135
"Toa Baja Municipio, Puerto Rico",74271,42.0,23368,13221,28367,3882,57304,9848,72745,,,72,137
"Trujillo Alto Municipio, Puerto Rico",63674,42.6,32244,18035,17415,721,37802,8949,62918,,,72,139
